Key,Value
new_2_oldTask_1,"[0.42857142857142855, 0.3904761904761905, 0.3904761904761905, 0.3523809523809524]"
new_3_oldTask_1,"[0.5047619047619047, 0.4095238095238095, 0.49523809523809526, 0.3904761904761905]"
new_3_oldTask_2,"[0.5333333333333333, 0.6095238095238096, 0.5523809523809524, 0.580952380952381]"
new_2_oldTask_2,"[0.6, 0.5714285714285714, 0.5714285714285714]"
new_2_oldTask_3,"[0.6857142857142857, 0.5333333333333333, 0.5619047619047619]"
new_3_oldTask_3,"[0.5333333333333333, 0.5238095238095238, 0.5333333333333333]"
new_1_oldTask_1,[0.4095238095238095]
new_1_oldTask_2,[0.6666666666666666]
new_1_oldTask_3,[0.5238095238095238]
