Key,Value
new_2_oldTask_1,"[0.4380952380952381, 0.3904761904761905, 0.3904761904761905, 0.34285714285714286]"
new_3_oldTask_1,"[0.49523809523809526, 0.4095238095238095, 0.47619047619047616, 0.37142857142857144]"
new_3_oldTask_2,"[0.5333333333333333, 0.6095238095238096, 0.5428571428571428, 0.5523809523809524]"
new_2_oldTask_2,"[0.6, 0.5523809523809524, 0.5714285714285714]"
new_2_oldTask_3,"[0.6857142857142857, 0.5428571428571428, 0.5619047619047619]"
new_3_oldTask_3,"[0.5333333333333333, 0.5523809523809524, 0.5142857142857142]"
new_1_oldTask_1,[0.41904761904761906]
new_1_oldTask_2,[0.6666666666666666]
new_1_oldTask_3,[0.5333333333333333]
