Key,Value
new_2_oldTask_1,"[0.4380952380952381, 0.3904761904761905, 0.3904761904761905, 0.3523809523809524]"
new_3_oldTask_1,"[0.5047619047619047, 0.41904761904761906, 0.5047619047619047, 0.37142857142857144]"
new_3_oldTask_2,"[0.5333333333333333, 0.6, 0.5428571428571428, 0.5523809523809524]"
new_2_oldTask_2,"[0.5714285714285714, 0.5619047619047619, 0.5619047619047619]"
new_2_oldTask_3,"[0.6857142857142857, 0.5428571428571428, 0.5428571428571428]"
new_3_oldTask_3,"[0.5333333333333333, 0.5428571428571428, 0.5142857142857142]"
new_1_oldTask_1,[0.4]
new_1_oldTask_2,[0.6761904761904762]
new_1_oldTask_3,[0.5238095238095238]
