Key,Value
new_2_oldTask_1,"[0.44761904761904764, 0.3904761904761905, 0.4, 0.3333333333333333]"
new_3_oldTask_1,"[0.49523809523809526, 0.38095238095238093, 0.49523809523809526, 0.37142857142857144]"
new_3_oldTask_2,"[0.5523809523809524, 0.6, 0.5523809523809524, 0.580952380952381]"
new_2_oldTask_2,"[0.5714285714285714, 0.5523809523809524, 0.5714285714285714]"
new_2_oldTask_3,"[0.6857142857142857, 0.5428571428571428, 0.5619047619047619]"
new_3_oldTask_3,"[0.5238095238095238, 0.5428571428571428, 0.5333333333333333]"
new_1_oldTask_1,[0.4]
new_1_oldTask_2,[0.6571428571428571]
new_1_oldTask_3,[0.5333333333333333]
