Key,Value
new_2_oldTask_1,"[0.7047619047619048, 0.6285714285714286, 0.6666666666666666, 0.3333333333333333]"
new_3_oldTask_1,"[0.6571428571428571, 0.580952380952381, 0.6]"
new_3_oldTask_2,"[0.6476190476190476, 0.5428571428571428, 0.6190476190476191]"
new_2_oldTask_2,"[0.6952380952380952, 0.6285714285714286, 0.3333333333333333]"
new_2_oldTask_3,"[0.7142857142857143, 0.5714285714285714, 0.3238095238095238]"
new_3_oldTask_3,"[0.5428571428571428, 0.6]"
new_1_oldTask_1,[0.6095238095238096]
new_1_oldTask_2,[0.5428571428571428]
new_1_oldTask_3,[0.5428571428571428]
