Key,Value
new_2_oldTask_1,"[0.7047619047619048, 0.6285714285714286, 0.638095238095238, 0.4]"
new_3_oldTask_1,"[0.6476190476190476, 0.5523809523809524, 0.580952380952381]"
new_3_oldTask_2,"[0.6190476190476191, 0.5619047619047619, 0.580952380952381]"
new_2_oldTask_2,"[0.6571428571428571, 0.6476190476190476, 0.3333333333333333]"
new_2_oldTask_3,"[0.7142857142857143, 0.6857142857142857, 0.34285714285714286]"
new_3_oldTask_3,"[0.6, 0.6285714285714286]"
new_1_oldTask_1,[0.6952380952380952]
new_1_oldTask_2,[0.6285714285714286]
new_1_oldTask_3,[0.6285714285714286]
