Key,Value
new_2_oldTask_1,"[0.7047619047619048, 0.6476190476190476, 0.6666666666666666, 0.3238095238095238]"
new_3_oldTask_1,"[0.6857142857142857, 0.5523809523809524, 0.6666666666666666]"
new_3_oldTask_2,"[0.6666666666666666, 0.5619047619047619, 0.6476190476190476]"
new_2_oldTask_2,"[0.6761904761904762, 0.6285714285714286, 0.3142857142857143]"
new_2_oldTask_3,"[0.7142857142857143, 0.6285714285714286, 0.3047619047619048]"
new_3_oldTask_3,"[0.6, 0.6285714285714286]"
new_1_oldTask_1,[0.6095238095238096]
new_1_oldTask_2,[0.5428571428571428]
new_1_oldTask_3,[0.5428571428571428]
